log_id,customer_id,ticket_type,rating,status,log_date
LOG_00001,CUST_0040,Account Problem,,RESOLVED,2025-03-26
LOG_00002,CUST_0787,General Inquiry,,open,2025-03-23
LOG_00003,CUST_0081,Account Problem,1,Closed,2025-01-05
LOG_00004,CUST_0959,Account Problem,5,pending,2025-12-12
LOG_00005,CUST_0208,Delivery Query,1,Pending,2025-06-24
LOG_00006,CUST_0483,Refund Request,2,Open,2025-04-15
LOG_00007,CUST_0971,Refund Request,1,open,2025-11-28
LOG_00008,CUST_0981,Delivery Query,2,Open,2025-04-12
LOG_00009,CUST_0393,Technical Issue,,RESOLVED,2025-06-15
LOG_00010,CUST_0466,Refund Request,,Closed,2025-06-22
LOG_00011,CUST_0852,Delivery Query,3,RESOLVED,2025-04-08
LOG_00012,CUST_0484,Refund Request,3,RESOLVED,2025-11-01
LOG_00013,CUST_0465,Account Problem,5,open,2025-03-22
LOG_00014,CUST_0886,Technical Issue,,open,2025-04-19
LOG_00015,CUST_0061,Technical Issue,3,RESOLVED,2025-05-07
LOG_00016,CUST_0781,Delivery Query,,pending,2025-08-10
LOG_00017,CUST_0425,General Inquiry,2,Open,2025-02-12
LOG_00018,CUST_0618,Delivery Query,,Closed,2025-04-19
LOG_00019,CUST_0666,Technical Issue,5,Open,2025-04-06
LOG_00020,CUST_0916,Account Problem,3,pending,2025-07-01
LOG_00021,CUST_0935,Delivery Query,2,Open,2025-04-01
LOG_00022,CUST_0636,Refund Request,4,open,2025-01-04
LOG_00023,CUST_0591,Refund Request,,RESOLVED,2025-06-15
LOG_00024,CUST_0319,Delivery Query,4,closed,2025-01-05
LOG_00025,CUST_0927,Delivery Query,,pending,2025-04-11
LOG_00026,CUST_0043,Technical Issue,5,RESOLVED,2025-05-10
LOG_00027,CUST_0034,Delivery Query,,pending,2025-04-13
LOG_00028,CUST_0847,Delivery Query,,Closed,2025-02-07
LOG_00029,CUST_0832,Delivery Query,3,closed,2025-07-18
LOG_00030,CUST_0986,Account Problem,4,open,2025-07-19
LOG_00031,CUST_0381,General Inquiry,4,closed,2025-01-03
LOG_00032,CUST_0183,Technical Issue,2,Pending,2025-11-11
LOG_00033,CUST_0277,Refund Request,1,Closed,2025-11-25
LOG_00034,CUST_0992,Refund Request,4,RESOLVED,2025-06-01
LOG_00035,CUST_0580,Account Problem,,Open,2025-03-03
LOG_00036,CUST_0942,Delivery Query,1,pending,2025-01-22
LOG_00037,CUST_0580,Account Problem,2,pending,2025-01-15
LOG_00038,CUST_0377,Technical Issue,4,Open,2025-12-30
LOG_00039,CUST_0629,Refund Request,5,pending,2025-07-15
LOG_00040,CUST_0755,Account Problem,,closed,2025-03-22
LOG_00041,CUST_0926,Account Problem,5,Open,2025-01-23
LOG_00042,CUST_0031,Technical Issue,,closed,2025-05-27
LOG_00043,CUST_0989,Refund Request,,resolved,2025-03-12
LOG_00044,CUST_0051,Technical Issue,5,Open,2025-11-23
LOG_00045,CUST_0677,Refund Request,2,Closed,2025-01-19
LOG_00046,CUST_0302,Technical Issue,,closed,2025-05-05
LOG_00047,CUST_0308,Technical Issue,5,Open,2025-02-04
LOG_00048,CUST_0246,Technical Issue,5,Pending,2025-08-29
LOG_00049,CUST_0499,Account Problem,4,Closed,2025-08-13
LOG_00050,CUST_0959,General Inquiry,5,Closed,2025-05-06
LOG_00051,CUST_0601,Technical Issue,,pending,2025-07-28
LOG_00052,CUST_0624,Delivery Query,5,pending,2025-06-23
LOG_00053,CUST_0406,Refund Request,2,resolved,2025-07-15
LOG_00054,CUST_0634,Account Problem,5,RESOLVED,2025-10-28
LOG_00055,CUST_0900,Technical Issue,,RESOLVED,2025-02-02
LOG_00056,CUST_0010,Account Problem,2,RESOLVED,2025-05-29
LOG_00057,CUST_0238,Refund Request,4,pending,2025-05-08
LOG_00058,CUST_0044,Delivery Query,4,open,2025-10-20
LOG_00059,CUST_0109,Delivery Query,2,Pending,2025-02-19
LOG_00060,CUST_0341,Account Problem,1,Closed,2025-12-28
LOG_00061,CUST_0541,Refund Request,4,RESOLVED,2025-12-12
LOG_00062,CUST_0437,General Inquiry,3,resolved,2025-09-24
LOG_00063,CUST_0677,Refund Request,4,closed,2025-03-09
LOG_00064,CUST_0213,Technical Issue,3,Pending,2025-12-31
LOG_00065,CUST_0157,Refund Request,4,Closed,2025-03-31
LOG_00066,CUST_0686,Account Problem,3,Closed,2025-07-04
LOG_00067,CUST_0431,Account Problem,4,closed,2025-06-11
LOG_00068,CUST_0151,Refund Request,3,pending,2025-07-30
LOG_00069,CUST_0563,General Inquiry,,closed,2025-03-29
LOG_00070,CUST_0121,Refund Request,2,RESOLVED,2025-06-23
LOG_00071,CUST_0699,Refund Request,5,Open,2025-09-27
LOG_00072,CUST_0248,Refund Request,,pending,2025-01-24
LOG_00073,CUST_0760,Technical Issue,5,pending,2025-09-18
LOG_00074,CUST_0031,Refund Request,1,RESOLVED,2025-03-13
LOG_00075,CUST_0690,General Inquiry,1,pending,2025-09-11
LOG_00076,CUST_0810,Refund Request,,RESOLVED,2025-07-23
LOG_00077,CUST_0369,General Inquiry,5,open,2025-08-28
LOG_00078,CUST_0942,Refund Request,5,closed,2025-09-30
LOG_00079,CUST_0503,General Inquiry,3,RESOLVED,2025-01-07
LOG_00080,CUST_0524,General Inquiry,1,resolved,2025-04-05
LOG_00081,CUST_0338,Refund Request,1,open,2025-09-19
LOG_00082,CUST_0190,Delivery Query,1,open,2025-06-01
LOG_00083,CUST_0952,Account Problem,3,Closed,2025-06-17
LOG_00084,CUST_0453,Delivery Query,1,resolved,2025-02-16
LOG_00085,CUST_0860,Account Problem,5,closed,2025-05-07
LOG_00086,CUST_0015,Refund Request,5,Open,2025-02-15
LOG_00087,CUST_0406,Refund Request,4,pending,2025-07-19
LOG_00088,CUST_0009,General Inquiry,1,pending,2025-12-17
LOG_00089,CUST_0549,General Inquiry,5,Closed,2025-11-25
LOG_00090,CUST_0328,Technical Issue,5,RESOLVED,2025-09-20
LOG_00091,CUST_0798,Account Problem,2,closed,2025-05-24
LOG_00092,CUST_0525,Refund Request,4,Closed,2025-06-08
LOG_00093,CUST_0945,Technical Issue,,closed,2025-10-20
LOG_00094,CUST_0402,General Inquiry,,RESOLVED,2025-07-28
LOG_00095,CUST_8888,Delivery Query,3,RESOLVED,2025-09-02
LOG_00096,CUST_0323,Technical Issue,,resolved,2025-02-02
LOG_00097,CUST_0800,General Inquiry,5,pending,2025-05-05
LOG_00098,CUST_0275,Refund Request,3,closed,2025-06-27
LOG_00099,CUST_0513,Refund Request,3,Pending,2025-01-21
LOG_00100,CUST_0750,General Inquiry,,Closed,2025-08-02
LOG_00101,CUST_0710,General Inquiry,3,RESOLVED,2025-12-15
LOG_00102,CUST_0810,General Inquiry,1,Open,2025-08-23
LOG_00103,CUST_0230,Refund Request,2,resolved,2025-09-11
LOG_00104,CUST_0037,Delivery Query,5,closed,2025-07-08
LOG_00105,CUST_0718,Account Problem,4,Closed,2025-07-05
LOG_00106,CUST_0695,Technical Issue,4,RESOLVED,2025-06-28
LOG_00107,CUST_0487,Technical Issue,5,open,2025-10-02
LOG_00108,CUST_0856,Refund Request,5,closed,2025-01-06
LOG_00109,CUST_0419,Delivery Query,2,Pending,2025-10-04
LOG_00110,CUST_0268,Refund Request,1,RESOLVED,2025-12-31
LOG_00111,CUST_0445,Refund Request,3,resolved,2025-01-25
LOG_00112,CUST_0861,Delivery Query,5,resolved,2025-02-24
LOG_00113,CUST_0087,Delivery Query,1,Closed,2025-06-30
LOG_00114,CUST_0328,Refund Request,5,resolved,2025-11-09
LOG_00115,CUST_0116,Technical Issue,4,resolved,2025-05-19
LOG_00116,CUST_0809,Account Problem,5,RESOLVED,2025-09-22
LOG_00117,CUST_0861,Delivery Query,5,closed,2025-07-14
LOG_00118,CUST_0850,Refund Request,2,pending,2025-08-16
LOG_00119,CUST_0973,Refund Request,4,Open,2025-04-05
LOG_00120,CUST_0613,Technical Issue,5,RESOLVED,2025-07-03
LOG_00121,CUST_0947,Account Problem,1,open,2025-02-19
LOG_00122,CUST_0529,Delivery Query,4,Pending,2025-01-19
LOG_00123,CUST_0968,Delivery Query,1,Open,2025-08-09
LOG_00124,CUST_0605,Account Problem,,pending,2025-08-15
LOG_00125,CUST_0754,Refund Request,,RESOLVED,2025-10-23
LOG_00126,CUST_0945,Refund Request,3,RESOLVED,2025-06-02
LOG_00127,CUST_0045,Refund Request,5,open,2025-04-19
LOG_00128,CUST_0358,Account Problem,1,open,2025-01-09
LOG_00129,CUST_0363,Delivery Query,4,closed,2025-07-03
LOG_00130,CUST_0379,Technical Issue,2,Pending,2025-04-27
LOG_00131,CUST_0778,Account Problem,,open,2025-06-13
LOG_00132,CUST_0635,General Inquiry,3,closed,2025-04-02
LOG_00133,CUST_0087,Account Problem,5,pending,2025-10-15
LOG_00134,CUST_0998,General Inquiry,2,resolved,2025-08-30
LOG_00135,CUST_0007,Account Problem,5,open,2025-07-23
LOG_00136,CUST_0140,General Inquiry,,Open,2025-03-02
LOG_00137,CUST_0082,Technical Issue,3,pending,2025-03-25
LOG_00138,CUST_0815,Technical Issue,,resolved,2025-03-14
LOG_00139,CUST_0710,General Inquiry,5,Open,2025-07-11
LOG_00140,CUST_0113,Delivery Query,1,Open,2025-08-07
LOG_00141,CUST_0783,Technical Issue,,Open,2025-08-18
LOG_00142,CUST_0902,Delivery Query,2,resolved,2025-03-25
LOG_00143,CUST_0654,Account Problem,5,closed,2025-10-16
LOG_00144,CUST_0657,Technical Issue,1,closed,2025-11-25
LOG_00145,CUST_0804,Refund Request,4,Closed,2025-01-03
LOG_00146,CUST_0444,Technical Issue,3,closed,2025-03-14
LOG_00147,CUST_0954,General Inquiry,4,Pending,2025-09-01
LOG_00148,CUST_0555,General Inquiry,5,Open,2025-04-15
LOG_00149,CUST_0568,Refund Request,3,open,2025-03-21
LOG_00150,CUST_0073,General Inquiry,4,open,2025-08-12
LOG_00151,CUST_0694,General Inquiry,4,open,2025-07-07
LOG_00152,CUST_0368,Delivery Query,,closed,2025-05-16
LOG_00153,CUST_0261,Account Problem,3,RESOLVED,2025-07-24
LOG_00154,CUST_0376,Account Problem,2,Open,2025-02-25
LOG_00155,CUST_0957,General Inquiry,2,open,2025-11-18
LOG_00156,CUST_0583,Account Problem,4,Pending,2025-06-03
LOG_00157,CUST_0835,Technical Issue,1,resolved,2025-04-09
LOG_00158,CUST_0899,Technical Issue,5,pending,2025-01-29
LOG_00159,CUST_0783,General Inquiry,3,Closed,2025-01-05
LOG_00160,CUST_0063,Delivery Query,3,pending,2025-03-31
LOG_00161,CUST_0143,General Inquiry,4,Open,2025-02-17
LOG_00162,CUST_0829,Delivery Query,3,closed,2025-02-13
LOG_00163,CUST_0601,Refund Request,2,Closed,2025-11-18
LOG_00164,CUST_0992,Account Problem,,pending,2025-12-05
LOG_00165,CUST_0645,Refund Request,3,pending,2025-07-29
LOG_00166,CUST_0210,General Inquiry,,Open,2025-10-18
LOG_00167,CUST_0850,General Inquiry,,Open,2025-07-09
LOG_00168,CUST_0338,Technical Issue,1,Closed,2025-05-15
LOG_00169,CUST_0767,Delivery Query,,Open,2025-09-06
LOG_00170,CUST_0401,Delivery Query,,closed,2025-03-13
LOG_00171,CUST_8888,Technical Issue,,Pending,2025-03-05
LOG_00172,CUST_0166,Account Problem,,Closed,2025-02-12
LOG_00173,CUST_0106,Refund Request,5,open,2025-08-15
LOG_00174,CUST_0646,Delivery Query,4,closed,2025-05-29
LOG_00175,CUST_0444,Technical Issue,2,RESOLVED,2025-04-07
LOG_00176,CUST_0136,Account Problem,2,pending,2025-07-19
LOG_00177,CUST_0538,Account Problem,3,resolved,2025-09-26
LOG_00178,CUST_0972,Technical Issue,,Pending,2025-06-11
LOG_00179,CUST_0686,General Inquiry,,RESOLVED,2025-11-28
LOG_00180,CUST_0110,Technical Issue,3,pending,2025-11-09
LOG_00181,CUST_0713,Account Problem,5,resolved,2025-11-05
LOG_00182,CUST_0818,Refund Request,4,closed,2025-01-28
LOG_00183,CUST_0302,General Inquiry,3,Pending,2025-04-01
LOG_00184,CUST_0549,Delivery Query,2,RESOLVED,2025-03-14
LOG_00185,CUST_0574,Technical Issue,1,Closed,2025-08-23
LOG_00186,CUST_0504,Account Problem,5,RESOLVED,2025-12-17
LOG_00187,CUST_0284,Refund Request,,RESOLVED,2025-06-24
LOG_00188,CUST_0284,Account Problem,2,pending,2025-09-18
LOG_00189,CUST_0665,Delivery Query,4,Open,2025-03-26
LOG_00190,CUST_0328,Refund Request,,Pending,2025-09-13
LOG_00191,CUST_0159,Account Problem,,resolved,2025-04-16
LOG_00192,CUST_0883,Refund Request,3,Pending,2025-09-18
LOG_00193,CUST_0492,Technical Issue,3,open,2025-08-05
LOG_00194,CUST_0449,Refund Request,2,Closed,2025-04-22
LOG_00195,CUST_0725,Delivery Query,4,Pending,2025-05-01
LOG_00196,CUST_0729,Account Problem,2,RESOLVED,2025-11-14
LOG_00197,CUST_0569,Delivery Query,5,pending,2025-10-07
LOG_00198,CUST_0556,Technical Issue,,Closed,2025-12-15
LOG_00199,CUST_0164,Technical Issue,3,closed,2025-11-12
LOG_00200,CUST_0422,Refund Request,1,open,2025-02-26
LOG_00201,CUST_0676,General Inquiry,,pending,2025-08-19
LOG_00202,CUST_0937,General Inquiry,2,open,2025-05-10
LOG_00203,CUST_0704,Delivery Query,4,Open,2025-12-01
LOG_00204,CUST_0898,Refund Request,,RESOLVED,2025-07-11
LOG_00205,CUST_0851,Account Problem,2,RESOLVED,2025-12-11
LOG_00206,CUST_0612,Technical Issue,3,Open,2025-11-04
LOG_00207,CUST_0880,Technical Issue,3,pending,2025-09-28
LOG_00208,CUST_0438,Refund Request,5,resolved,2025-04-09
LOG_00209,CUST_0707,Account Problem,2,pending,2025-04-08
LOG_00210,CUST_0970,Delivery Query,,Closed,2025-09-09
LOG_00211,CUST_0317,General Inquiry,1,resolved,2025-03-30
LOG_00212,CUST_0899,Technical Issue,5,resolved,2025-09-08
LOG_00213,CUST_0849,Delivery Query,4,resolved,2025-07-13
LOG_00214,CUST_0641,Account Problem,1,RESOLVED,2025-10-16
LOG_00215,CUST_0548,Technical Issue,2,Open,2025-07-31
LOG_00216,CUST_0683,Refund Request,,RESOLVED,2025-03-03
LOG_00217,CUST_0966,Refund Request,1,resolved,2025-10-03
LOG_00218,CUST_0367,Technical Issue,3,closed,2025-03-09
LOG_00219,CUST_0088,Account Problem,5,Open,2025-07-16
LOG_00220,CUST_0101,Account Problem,1,open,2025-08-06
LOG_00221,CUST_0916,Refund Request,1,RESOLVED,2025-05-27
LOG_00222,CUST_0372,Delivery Query,3,RESOLVED,2025-03-04
LOG_00223,CUST_0393,Account Problem,,pending,2025-08-03
LOG_00224,CUST_0826,Account Problem,5,Open,2025-08-25
LOG_00225,CUST_0080,Technical Issue,2,RESOLVED,2025-08-06
LOG_00226,CUST_0714,Refund Request,,open,2025-06-24
LOG_00227,CUST_0409,Technical Issue,1,Open,2025-03-21
LOG_00228,CUST_0564,Refund Request,4,open,2025-11-22
LOG_00229,CUST_0884,Delivery Query,4,pending,2025-08-28
LOG_00230,CUST_0521,General Inquiry,1,open,2025-03-26
LOG_00231,CUST_0625,Refund Request,,resolved,2025-12-24
LOG_00232,CUST_0909,Delivery Query,,open,2025-09-08
LOG_00233,CUST_0036,General Inquiry,2,closed,2025-04-03
LOG_00234,CUST_0457,Technical Issue,2,Closed,2025-04-18
LOG_00235,CUST_0551,Delivery Query,,Open,2025-05-22
LOG_00236,CUST_0789,General Inquiry,5,pending,2025-08-12
LOG_00237,CUST_0104,Refund Request,,Open,2025-11-03
LOG_00238,CUST_0252,Account Problem,2,open,2025-09-13
LOG_00239,CUST_0489,Account Problem,2,open,2025-09-18
LOG_00240,CUST_0175,Delivery Query,,pending,2025-10-29
LOG_00241,CUST_0797,Technical Issue,,Open,2025-12-25
LOG_00242,CUST_0719,Account Problem,,resolved,2025-09-15
LOG_00243,CUST_0702,Delivery Query,1,closed,2025-02-26
LOG_00244,CUST_0458,Account Problem,,closed,2025-09-09
LOG_00245,CUST_0576,Delivery Query,5,Open,2025-01-09
LOG_00246,CUST_0406,Account Problem,,Open,2025-12-13
LOG_00247,CUST_0224,Account Problem,2,closed,2025-03-24
LOG_00248,CUST_0574,Delivery Query,1,Pending,2025-08-18
LOG_00249,CUST_0998,Refund Request,,pending,2025-07-05
LOG_00250,CUST_0091,Delivery Query,5,Pending,2025-02-12
LOG_00251,CUST_0478,Refund Request,5,Closed,2025-07-18
LOG_00252,CUST_0985,General Inquiry,5,resolved,2025-08-11
LOG_00253,CUST_0616,Refund Request,5,pending,2025-01-06
LOG_00254,CUST_0737,General Inquiry,1,RESOLVED,2025-10-12
LOG_00255,CUST_0266,Refund Request,4,Open,2025-09-15
LOG_00256,CUST_0450,Delivery Query,2,resolved,2025-10-27
LOG_00257,CUST_0458,Technical Issue,2,RESOLVED,2025-05-15
LOG_00258,CUST_0276,Account Problem,4,RESOLVED,2025-09-22
LOG_00259,CUST_0246,General Inquiry,4,pending,2025-04-22
LOG_00260,CUST_0650,Delivery Query,4,open,2025-12-08
LOG_00261,CUST_0354,Refund Request,5,Closed,2025-06-23
LOG_00262,CUST_0493,Refund Request,,Open,2025-10-01
LOG_00263,CUST_0943,Delivery Query,2,open,2025-05-29
LOG_00264,CUST_0081,Account Problem,2,open,2025-10-13
LOG_00265,CUST_0492,Refund Request,2,Pending,2025-03-25
LOG_00266,CUST_0907,Account Problem,3,resolved,2025-09-12
LOG_00267,CUST_0385,Technical Issue,5,RESOLVED,2025-10-13
LOG_00268,CUST_0971,Refund Request,4,Pending,2025-12-07
LOG_00269,CUST_0014,Technical Issue,2,resolved,2025-09-09
LOG_00270,CUST_0895,Refund Request,3,Pending,2025-05-14
LOG_00271,CUST_0136,Account Problem,5,resolved,2025-01-10
LOG_00272,CUST_0058,Refund Request,1,closed,2025-05-03
LOG_00273,CUST_0346,Refund Request,5,resolved,2025-05-11
LOG_00274,CUST_0164,Refund Request,2,Closed,2025-02-25
LOG_00275,CUST_0160,Account Problem,,Pending,2025-03-17
LOG_00276,CUST_0512,General Inquiry,3,Open,2025-07-13
LOG_00277,CUST_0636,General Inquiry,1,Open,2025-12-19
LOG_00278,CUST_0402,Technical Issue,3,Pending,2025-06-08
LOG_00279,CUST_0092,Account Problem,,Pending,2025-12-19
LOG_00280,CUST_0380,Account Problem,5,closed,2025-04-25
LOG_00281,CUST_0269,General Inquiry,1,Pending,2025-10-01
LOG_00282,CUST_0776,Account Problem,2,pending,2025-07-26
LOG_00283,CUST_0243,General Inquiry,5,Closed,2025-08-23
LOG_00284,CUST_0055,Account Problem,4,pending,2025-07-01
LOG_00285,CUST_0608,Account Problem,3,Pending,2025-08-15
LOG_00286,CUST_0655,Account Problem,4,Pending,2025-08-11
LOG_00287,CUST_0033,Refund Request,3,resolved,2025-07-30
LOG_00288,CUST_0394,Technical Issue,2,closed,2025-10-17
LOG_00289,CUST_0958,Delivery Query,2,pending,2025-09-13
LOG_00290,CUST_0829,Delivery Query,4,closed,2025-11-27
LOG_00291,CUST_0754,Delivery Query,1,Open,2025-03-21
LOG_00292,CUST_0942,Technical Issue,,closed,2025-04-22
LOG_00293,CUST_8888,Delivery Query,4,Closed,2025-11-18
LOG_00294,CUST_0031,Technical Issue,2,Open,2025-06-20
LOG_00295,CUST_0390,General Inquiry,2,resolved,2025-09-20
LOG_00296,CUST_0441,General Inquiry,1,Pending,2025-11-03
LOG_00297,CUST_0141,Account Problem,1,pending,2025-03-07
LOG_00298,CUST_0171,Delivery Query,2,open,2025-05-31
LOG_00299,CUST_0817,Delivery Query,4,resolved,2025-11-23
LOG_00300,CUST_0585,Account Problem,4,RESOLVED,2025-02-27
LOG_00301,CUST_0325,Delivery Query,3,pending,2025-05-03
LOG_00302,CUST_0866,Delivery Query,1,open,2025-02-23
LOG_00303,CUST_0290,General Inquiry,2,open,2025-01-06
LOG_00304,CUST_0778,Technical Issue,4,resolved,2025-02-12
LOG_00305,CUST_0506,Technical Issue,3,pending,2025-08-06
LOG_00306,CUST_0130,Account Problem,,Pending,2025-03-02
LOG_00307,CUST_0015,Delivery Query,5,Closed,2025-01-24
LOG_00308,CUST_0161,Account Problem,5,resolved,2025-03-18
LOG_00309,CUST_0497,Refund Request,5,pending,2025-01-17
LOG_00310,CUST_0391,Delivery Query,1,Pending,2025-05-02
LOG_00311,CUST_0989,Delivery Query,3,pending,2025-06-26
LOG_00312,CUST_0672,Refund Request,2,closed,2025-04-16
LOG_00313,CUST_0697,Delivery Query,4,open,2025-11-14
LOG_00314,CUST_0842,General Inquiry,,closed,2025-07-15
LOG_00315,CUST_0844,Delivery Query,3,resolved,2025-01-28
LOG_00316,CUST_0604,Delivery Query,2,Open,2025-11-30
LOG_00317,CUST_8888,Account Problem,,Open,2025-04-29
LOG_00318,CUST_0945,Refund Request,4,pending,2025-11-17
LOG_00319,CUST_0983,General Inquiry,1,closed,2025-05-16
LOG_00320,CUST_0701,Technical Issue,3,pending,2025-05-21
LOG_00321,CUST_0133,Delivery Query,1,resolved,2025-12-09
LOG_00322,CUST_0720,Refund Request,3,resolved,2025-07-13
LOG_00323,CUST_0315,Account Problem,4,Open,2025-02-20
LOG_00324,CUST_0419,Technical Issue,1,resolved,2025-01-18
LOG_00325,CUST_0213,Technical Issue,3,closed,2025-09-22
LOG_00326,CUST_0967,Refund Request,5,RESOLVED,2025-10-22
LOG_00327,CUST_0036,Delivery Query,,RESOLVED,2025-07-16
LOG_00328,CUST_0490,Account Problem,2,closed,2025-07-20
LOG_00329,CUST_0451,Technical Issue,4,Open,2025-09-08
LOG_00330,CUST_0246,Refund Request,5,Closed,2025-12-29
LOG_00331,CUST_0222,Technical Issue,2,resolved,2025-01-14
LOG_00332,CUST_0490,Account Problem,,closed,2025-12-02
LOG_00333,CUST_0550,Delivery Query,,Pending,2025-10-20
LOG_00334,CUST_0922,General Inquiry,,pending,2025-01-05
LOG_00335,CUST_0175,Refund Request,5,Closed,2025-05-02
LOG_00336,CUST_0669,Account Problem,,closed,2025-07-05
LOG_00337,CUST_0765,Technical Issue,2,Pending,2025-03-12
LOG_00338,CUST_0726,Refund Request,1,open,2025-02-23
LOG_00339,CUST_0915,General Inquiry,,pending,2025-10-09
LOG_00340,CUST_0355,Refund Request,2,open,2025-05-27
LOG_00341,CUST_0330,Refund Request,4,Closed,2025-11-03
LOG_00342,CUST_0435,Account Problem,3,Pending,2025-04-29
LOG_00343,CUST_0333,Technical Issue,2,open,2025-03-23
LOG_00344,CUST_0410,General Inquiry,5,closed,2025-07-21
LOG_00345,CUST_0161,Technical Issue,1,open,2025-06-25
LOG_00346,CUST_0994,Account Problem,3,resolved,2025-05-23
LOG_00347,CUST_0580,Refund Request,3,closed,2025-05-20
LOG_00348,CUST_0008,Delivery Query,3,resolved,2025-07-17
LOG_00349,CUST_0374,Delivery Query,5,closed,2025-11-20
LOG_00350,CUST_0613,Delivery Query,2,open,2025-07-11
LOG_00351,CUST_0756,Delivery Query,5,Pending,2025-09-05
LOG_00352,CUST_0541,General Inquiry,,RESOLVED,2025-06-14
LOG_00353,CUST_0057,General Inquiry,3,resolved,2025-02-23
LOG_00354,CUST_0355,Technical Issue,,closed,2025-12-04
LOG_00355,CUST_0909,Refund Request,3,Pending,2025-03-26
LOG_00356,CUST_0513,Account Problem,4,RESOLVED,2025-06-28
LOG_00357,CUST_0487,Refund Request,4,Closed,2025-01-27
LOG_00358,CUST_0097,Account Problem,,Pending,2025-11-25
LOG_00359,CUST_0009,Account Problem,2,Closed,2025-01-19
LOG_00360,CUST_0265,Delivery Query,,RESOLVED,2025-01-03
LOG_00361,CUST_0561,Technical Issue,,Open,2025-12-14
LOG_00362,CUST_0168,Technical Issue,,Closed,2025-09-08
LOG_00363,CUST_0268,Account Problem,5,resolved,2025-03-27
LOG_00364,CUST_0047,Refund Request,2,Closed,2025-09-03
LOG_00365,CUST_0279,Delivery Query,5,closed,2025-06-20
LOG_00366,CUST_0514,Technical Issue,,resolved,2025-04-29
LOG_00367,CUST_0350,Delivery Query,,resolved,2025-11-29
LOG_00368,CUST_0066,Refund Request,5,RESOLVED,2025-09-09
LOG_00369,CUST_0711,Refund Request,5,Open,2025-03-17
LOG_00370,CUST_0028,Account Problem,5,Open,2025-10-22
LOG_00371,CUST_0103,Account Problem,3,RESOLVED,2025-04-06
LOG_00372,CUST_0854,General Inquiry,1,Pending,2025-12-20
LOG_00373,CUST_0575,Refund Request,,Pending,2025-02-26
LOG_00374,CUST_0128,Technical Issue,5,Pending,2025-05-08
LOG_00375,CUST_0705,Account Problem,1,RESOLVED,2025-03-16
LOG_00376,CUST_0873,Account Problem,2,open,2025-04-28
LOG_00377,CUST_0905,Account Problem,4,Pending,2025-02-08
LOG_00378,CUST_0378,Account Problem,3,Open,2025-09-06
LOG_00379,CUST_0619,General Inquiry,4,resolved,2025-01-23
LOG_00380,CUST_0181,Account Problem,1,closed,2025-07-07
LOG_00381,CUST_0823,Technical Issue,5,Closed,2025-02-28
LOG_00382,CUST_0963,Technical Issue,1,Open,2025-11-20
LOG_00383,CUST_0657,Account Problem,5,pending,2025-08-04
LOG_00384,CUST_0226,Delivery Query,5,Pending,2025-01-29
LOG_00385,CUST_0132,Delivery Query,1,RESOLVED,2025-12-23
LOG_00386,CUST_0040,Account Problem,5,open,2025-11-02
LOG_00387,CUST_0235,Account Problem,,pending,2025-06-16
LOG_00388,CUST_0688,Refund Request,2,pending,2025-12-01
LOG_00389,CUST_0626,Account Problem,,closed,2025-02-15
LOG_00390,CUST_0923,Delivery Query,,resolved,2025-12-25
LOG_00391,CUST_0119,Refund Request,1,pending,2025-05-07
LOG_00392,CUST_0372,Delivery Query,2,Closed,2025-07-16
LOG_00393,CUST_0544,Account Problem,3,RESOLVED,2025-12-08
LOG_00394,CUST_0500,Refund Request,4,Open,2025-06-16
LOG_00395,CUST_0922,Account Problem,,open,2025-05-03
LOG_00396,CUST_0084,Technical Issue,5,open,2025-10-01
LOG_00397,CUST_0420,Refund Request,3,open,2025-01-26
LOG_00398,CUST_0143,Refund Request,4,Open,2025-07-25
LOG_00399,CUST_0192,Account Problem,2,closed,2025-04-08
LOG_00400,CUST_0964,Account Problem,2,pending,2025-07-17
LOG_00401,CUST_0487,Refund Request,1,Open,2025-10-16
LOG_00402,CUST_0056,General Inquiry,5,RESOLVED,2025-01-31
LOG_00403,CUST_0226,Refund Request,4,pending,2025-07-09
LOG_00404,CUST_0668,Account Problem,,resolved,2025-10-04
LOG_00405,CUST_0441,General Inquiry,3,Open,2025-12-20
LOG_00406,CUST_0401,Account Problem,,Open,2025-08-11
LOG_00407,CUST_0681,Delivery Query,2,open,2025-08-25
LOG_00408,CUST_0218,Technical Issue,4,RESOLVED,2025-01-04
LOG_00409,CUST_0770,Technical Issue,,RESOLVED,2025-11-03
LOG_00410,CUST_0447,Refund Request,5,RESOLVED,2025-08-26
LOG_00411,CUST_0264,Technical Issue,2,Open,2025-06-21
LOG_00412,CUST_0234,Refund Request,5,RESOLVED,2025-03-26
LOG_00413,CUST_0949,General Inquiry,,Open,2025-02-18
LOG_00414,CUST_0922,Account Problem,3,Closed,2025-05-15
LOG_00415,CUST_0891,Refund Request,,Closed,2025-06-26
LOG_00416,CUST_0843,Delivery Query,2,Open,2025-05-12
LOG_00417,CUST_0717,Account Problem,4,Open,2025-02-14
LOG_00418,CUST_0131,Delivery Query,5,resolved,2025-02-04
LOG_00419,CUST_0542,Refund Request,5,resolved,2025-06-21
LOG_00420,CUST_0616,Delivery Query,4,Closed,2025-11-29
LOG_00421,CUST_0767,Technical Issue,4,Open,2025-05-07
LOG_00422,CUST_0936,Technical Issue,1,Pending,2025-07-26
LOG_00423,CUST_0824,General Inquiry,2,open,2025-11-26
LOG_00424,CUST_0029,Technical Issue,,Open,2025-09-04
LOG_00425,CUST_0789,Refund Request,3,RESOLVED,2025-02-22
LOG_00426,CUST_0569,Delivery Query,4,Pending,2025-10-09
LOG_00427,CUST_0459,Delivery Query,,pending,2025-09-19
LOG_00428,CUST_0211,Account Problem,,Closed,2025-08-24
LOG_00429,CUST_0857,General Inquiry,,closed,2025-07-03
LOG_00430,CUST_0860,Refund Request,,Pending,2025-03-30
LOG_00431,CUST_0704,Delivery Query,2,Closed,2025-08-11
LOG_00432,CUST_0688,Delivery Query,4,resolved,2025-02-12
LOG_00433,CUST_0263,Technical Issue,2,resolved,2025-01-27
LOG_00434,CUST_0457,Refund Request,4,Pending,2025-06-08
LOG_00435,CUST_0929,Refund Request,3,closed,2025-04-30
LOG_00436,CUST_0159,Delivery Query,5,closed,2025-06-15
LOG_00437,CUST_0364,Account Problem,3,closed,2025-12-18
LOG_00438,CUST_0530,Account Problem,2,closed,2025-07-13
LOG_00439,CUST_0309,Refund Request,5,pending,2025-05-10
LOG_00440,CUST_0957,Refund Request,2,closed,2025-01-25
LOG_00441,CUST_0272,Technical Issue,,resolved,2025-08-27
LOG_00442,CUST_8888,Account Problem,,RESOLVED,2025-12-25
LOG_00443,CUST_0685,Delivery Query,1,Closed,2025-07-08
LOG_00444,CUST_0213,Account Problem,2,open,2025-01-08
LOG_00445,CUST_0160,General Inquiry,1,open,2025-05-17
LOG_00446,CUST_0701,Delivery Query,4,pending,2025-10-25
LOG_00447,CUST_0772,Technical Issue,4,Pending,2025-02-22
LOG_00448,CUST_0252,Technical Issue,,open,2025-07-07
LOG_00449,CUST_0983,Delivery Query,,Pending,2025-06-24
LOG_00450,CUST_0354,Technical Issue,1,Closed,2025-04-05
LOG_00451,CUST_0366,Technical Issue,4,RESOLVED,2025-07-26
LOG_00452,CUST_0638,Technical Issue,2,Open,2025-02-13
LOG_00453,CUST_0925,Technical Issue,1,RESOLVED,2025-06-12
LOG_00454,CUST_0332,General Inquiry,1,closed,2025-01-29
LOG_00455,CUST_0965,General Inquiry,2,resolved,2025-11-21
LOG_00456,CUST_0239,Refund Request,2,RESOLVED,2025-01-21
LOG_00457,CUST_0235,Refund Request,3,pending,2025-01-19
LOG_00458,CUST_0680,Technical Issue,1,open,2025-10-27
LOG_00459,CUST_0793,General Inquiry,4,Open,2025-02-15
LOG_00460,CUST_0734,Technical Issue,2,Closed,2025-08-24
LOG_00461,CUST_0472,Account Problem,5,resolved,2025-03-27
LOG_00462,CUST_0440,Technical Issue,5,resolved,2025-09-09
LOG_00463,CUST_0839,Account Problem,4,Open,2025-08-25
LOG_00464,CUST_0817,Delivery Query,5,Open,2025-11-02
LOG_00465,CUST_0205,Delivery Query,1,Closed,2025-12-02
LOG_00466,CUST_0702,Technical Issue,3,RESOLVED,2025-02-09
LOG_00467,CUST_0544,General Inquiry,1,Closed,2025-03-16
LOG_00468,CUST_0546,Delivery Query,3,open,2025-08-21
LOG_00469,CUST_0619,Account Problem,3,pending,2025-11-14
LOG_00470,CUST_0636,Delivery Query,1,open,2025-04-01
LOG_00471,CUST_0754,General Inquiry,,RESOLVED,2025-05-12
LOG_00472,CUST_0114,General Inquiry,,closed,2025-10-24
LOG_00473,CUST_0480,Account Problem,,pending,2025-05-25
LOG_00474,CUST_0237,Technical Issue,5,Open,2025-06-15
LOG_00475,CUST_0302,Delivery Query,1,closed,2025-08-15
LOG_00476,CUST_0022,General Inquiry,4,closed,2025-01-31
LOG_00477,CUST_0944,Account Problem,,closed,2025-05-11
LOG_00478,CUST_0810,Technical Issue,,Pending,2025-06-25
LOG_00479,CUST_0435,Account Problem,,RESOLVED,2025-12-04
LOG_00480,CUST_0390,Account Problem,5,RESOLVED,2025-09-19
LOG_00481,CUST_0432,Delivery Query,,closed,2025-11-15
LOG_00482,CUST_0660,Delivery Query,,resolved,2025-07-20
LOG_00483,CUST_0709,Refund Request,3,pending,2025-03-10
LOG_00484,CUST_0928,Delivery Query,4,Closed,2025-02-06
LOG_00485,CUST_0805,Technical Issue,2,open,2025-04-28
LOG_00486,CUST_0253,Delivery Query,3,pending,2025-06-29
LOG_00487,CUST_0550,Account Problem,3,closed,2025-11-29
LOG_00488,CUST_0607,Delivery Query,2,closed,2025-10-06
LOG_00489,CUST_0665,Delivery Query,1,RESOLVED,2025-03-06
LOG_00490,CUST_0287,Refund Request,5,open,2025-10-14
LOG_00491,CUST_0162,Technical Issue,3,closed,2025-01-29
LOG_00492,CUST_0480,Refund Request,2,Closed,2025-03-19
LOG_00493,CUST_0338,Delivery Query,4,pending,2025-07-28
LOG_00494,CUST_0899,Refund Request,4,closed,2025-12-23
LOG_00495,CUST_0338,General Inquiry,4,open,2025-01-31
LOG_00496,CUST_0038,Refund Request,4,Pending,2025-04-24
LOG_00497,CUST_0602,Account Problem,2,Open,2025-12-07
LOG_00498,CUST_0717,Account Problem,,RESOLVED,2025-03-14
LOG_00499,CUST_0746,Delivery Query,1,RESOLVED,2025-03-24
LOG_00500,CUST_0518,Technical Issue,3,pending,2025-08-08
LOG_00501,CUST_0953,Refund Request,3,pending,2025-06-02
LOG_00502,CUST_0432,Refund Request,2,Closed,2025-03-03
LOG_00503,CUST_0534,Delivery Query,4,Closed,2025-01-10
LOG_00504,CUST_0711,Delivery Query,2,Closed,2025-02-21
LOG_00505,CUST_0665,Delivery Query,2,pending,2025-11-02
LOG_00506,CUST_0753,Refund Request,5,closed,2025-07-20
LOG_00507,CUST_0326,Technical Issue,5,open,2025-10-24
LOG_00508,CUST_0307,Account Problem,5,pending,2025-07-18
LOG_00509,CUST_0030,Refund Request,,Open,2025-04-03
LOG_00510,CUST_0584,Delivery Query,1,Open,2025-03-31
LOG_00511,CUST_0871,Refund Request,1,pending,2025-04-30
LOG_00512,CUST_0037,General Inquiry,4,open,2025-12-28
LOG_00513,CUST_0060,Refund Request,3,resolved,2025-04-04
LOG_00514,CUST_0602,Refund Request,4,closed,2025-11-05
LOG_00515,CUST_0971,Account Problem,1,resolved,2025-05-15
LOG_00516,CUST_0206,Delivery Query,1,Open,2025-05-16
LOG_00517,CUST_0607,Account Problem,5,open,2025-11-21
LOG_00518,CUST_0215,Delivery Query,1,open,2025-01-04
LOG_00519,CUST_0949,General Inquiry,3,RESOLVED,2025-06-15
LOG_00520,CUST_0821,Account Problem,2,Closed,2025-10-30
LOG_00521,CUST_0409,General Inquiry,5,resolved,2025-11-18
LOG_00522,CUST_0578,Refund Request,4,pending,2025-12-20
LOG_00523,CUST_0024,Account Problem,5,open,2025-08-30
LOG_00524,CUST_0205,Delivery Query,,Open,2025-12-02
LOG_00525,CUST_0381,Account Problem,4,pending,2025-09-09
LOG_00526,CUST_0936,Delivery Query,,Open,2025-05-04
LOG_00527,CUST_0574,General Inquiry,4,Open,2025-08-03
LOG_00528,CUST_0908,Refund Request,2,pending,2025-02-04
LOG_00529,CUST_0233,Refund Request,5,Open,2025-10-28
LOG_00530,CUST_0284,Delivery Query,,Pending,2025-03-02
LOG_00531,CUST_0789,Delivery Query,2,Open,2025-07-28
LOG_00532,CUST_0559,Technical Issue,,RESOLVED,2025-01-06
LOG_00533,CUST_0168,Refund Request,,closed,2025-12-22
LOG_00534,CUST_0549,Account Problem,1,open,2025-02-09
LOG_00535,CUST_0184,Technical Issue,,RESOLVED,2025-11-28
LOG_00536,CUST_0626,General Inquiry,5,RESOLVED,2025-06-10
LOG_00537,CUST_0894,Refund Request,3,Closed,2025-04-07
LOG_00538,CUST_0116,Technical Issue,2,open,2025-06-14
LOG_00539,CUST_0316,Delivery Query,4,resolved,2025-09-18
LOG_00540,CUST_0702,Refund Request,4,Open,2025-08-18
LOG_00541,CUST_0396,General Inquiry,2,Open,2025-05-21
LOG_00542,CUST_0635,General Inquiry,,Closed,2025-07-17
LOG_00543,CUST_0222,Delivery Query,3,pending,2025-07-27
LOG_00544,CUST_0270,Refund Request,2,Pending,2025-03-18
LOG_00545,CUST_0483,Refund Request,5,Pending,2025-01-14
LOG_00546,CUST_0841,Technical Issue,3,open,2025-06-29
LOG_00547,CUST_0901,Delivery Query,1,Closed,2025-10-19
LOG_00548,CUST_0042,Technical Issue,3,pending,2025-12-25
LOG_00549,CUST_0778,Refund Request,5,open,2025-05-23
LOG_00550,CUST_8888,Technical Issue,2,pending,2025-12-21
LOG_00551,CUST_0776,Account Problem,3,open,2025-02-25
LOG_00552,CUST_0601,General Inquiry,3,open,2025-08-22
LOG_00553,CUST_0710,Technical Issue,5,Closed,2025-07-25
LOG_00554,CUST_0037,General Inquiry,,Closed,2025-05-08
LOG_00555,CUST_0301,Refund Request,1,resolved,2025-12-16
LOG_00556,CUST_0968,Account Problem,,Pending,2025-10-10
LOG_00557,CUST_0550,General Inquiry,3,closed,2025-01-03
LOG_00558,CUST_0306,Technical Issue,1,Closed,2025-09-21
LOG_00559,CUST_0817,Account Problem,,Open,2025-10-02
LOG_00560,CUST_0358,Technical Issue,4,Closed,2025-04-26
LOG_00561,CUST_0284,Delivery Query,,pending,2025-01-30
LOG_00562,CUST_0167,Delivery Query,5,open,2025-10-05
LOG_00563,CUST_0342,Technical Issue,2,Closed,2025-04-01
LOG_00564,CUST_0617,General Inquiry,4,RESOLVED,2025-11-05
LOG_00565,CUST_0911,Refund Request,,RESOLVED,2025-09-18
LOG_00566,CUST_0301,Refund Request,2,Pending,2025-12-21
LOG_00567,CUST_0366,Refund Request,3,Open,2025-06-04
LOG_00568,CUST_0269,Technical Issue,1,open,2025-09-22
LOG_00569,CUST_0393,Delivery Query,2,Closed,2025-12-03
LOG_00570,CUST_0927,Technical Issue,,Pending,2025-05-10
LOG_00571,CUST_0747,Refund Request,4,open,2025-04-24
LOG_00572,CUST_0104,Refund Request,1,closed,2025-01-02
LOG_00573,CUST_0932,General Inquiry,4,pending,2025-09-05
LOG_00574,CUST_0729,Account Problem,4,RESOLVED,2025-06-12
LOG_00575,CUST_0480,Technical Issue,2,closed,2025-09-13
LOG_00576,CUST_0077,Technical Issue,5,open,2025-12-12
LOG_00577,CUST_0895,Account Problem,4,pending,2025-02-23
LOG_00578,CUST_0346,General Inquiry,5,RESOLVED,2025-03-20
LOG_00579,CUST_0090,General Inquiry,4,Closed,2025-05-24
LOG_00580,CUST_0724,Technical Issue,,Closed,2025-08-21
LOG_00581,CUST_0238,General Inquiry,4,Closed,2025-01-28
LOG_00582,CUST_0047,Refund Request,,Open,2025-11-23
LOG_00583,CUST_0802,General Inquiry,3,Pending,2025-05-07
LOG_00584,CUST_0089,General Inquiry,3,open,2025-05-14
LOG_00585,CUST_0087,General Inquiry,4,Pending,2025-11-18
LOG_00586,CUST_0108,Technical Issue,,Closed,2025-05-27
LOG_00587,CUST_0278,Technical Issue,1,resolved,2025-10-14
LOG_00588,CUST_0620,Refund Request,4,RESOLVED,2025-06-13
LOG_00589,CUST_0038,Technical Issue,2,resolved,2025-04-28
LOG_00590,CUST_0021,Technical Issue,3,closed,2025-02-23
LOG_00591,CUST_0511,General Inquiry,1,Closed,2025-12-31
LOG_00592,CUST_0060,Delivery Query,5,RESOLVED,2025-11-12
LOG_00593,CUST_0748,Account Problem,5,Pending,2025-04-27
LOG_00594,CUST_0364,Account Problem,,Pending,2025-09-26
LOG_00595,CUST_0294,Account Problem,5,pending,2025-04-18
LOG_00596,CUST_0193,Refund Request,1,open,2025-08-08
LOG_00597,CUST_0850,Technical Issue,2,RESOLVED,2025-07-18
LOG_00598,CUST_0528,Account Problem,1,Pending,2025-11-29
LOG_00599,CUST_0834,Delivery Query,3,RESOLVED,2025-03-03
LOG_00600,CUST_0168,Refund Request,,open,2025-12-09
LOG_00601,CUST_0359,Delivery Query,4,closed,2025-01-08
LOG_00602,CUST_0096,Account Problem,3,open,2025-03-31
LOG_00603,CUST_0034,Technical Issue,,Pending,2025-04-03
LOG_00604,CUST_0763,Technical Issue,,Open,2025-03-28
LOG_00605,CUST_0302,Technical Issue,,RESOLVED,2025-12-25
LOG_00606,CUST_0589,Refund Request,4,closed,2025-10-05
LOG_00607,CUST_0947,General Inquiry,5,Pending,2025-03-09
LOG_00608,CUST_0955,Refund Request,5,open,2025-07-28
LOG_00609,CUST_0387,Delivery Query,3,Pending,2025-05-27
LOG_00610,CUST_0125,Account Problem,5,closed,2025-05-13
LOG_00611,CUST_0895,Account Problem,1,pending,2025-12-22
LOG_00612,CUST_0821,Technical Issue,5,RESOLVED,2025-09-12
LOG_00613,CUST_0396,General Inquiry,3,closed,2025-11-02
LOG_00614,CUST_8888,Account Problem,1,resolved,2025-01-12
LOG_00615,CUST_0965,Account Problem,1,Closed,2025-07-29
LOG_00616,CUST_0513,Refund Request,4,resolved,2025-04-17
LOG_00617,CUST_0381,Delivery Query,,RESOLVED,2025-11-16
LOG_00618,CUST_0308,Technical Issue,3,open,2025-07-09
LOG_00619,CUST_0717,Delivery Query,4,Closed,2025-08-16
LOG_00620,CUST_0101,Account Problem,3,open,2025-08-13
LOG_00621,CUST_0942,Refund Request,1,pending,2025-07-20
LOG_00622,CUST_0921,Account Problem,3,Closed,2025-01-03
LOG_00623,CUST_0770,Refund Request,4,Closed,2025-04-08
LOG_00624,CUST_0175,Account Problem,,closed,2025-01-16
LOG_00625,CUST_0789,Account Problem,,RESOLVED,2025-04-01
LOG_00626,CUST_0158,Technical Issue,2,pending,2025-04-22
LOG_00627,CUST_0229,Delivery Query,1,resolved,2025-03-30
LOG_00628,CUST_0797,Technical Issue,,Open,2025-02-22
LOG_00629,CUST_0394,Delivery Query,5,open,2025-05-29
LOG_00630,CUST_0376,Account Problem,,open,2025-01-15
LOG_00631,CUST_0204,Technical Issue,2,resolved,2025-01-23
LOG_00632,CUST_0382,Refund Request,1,Closed,2025-09-14
LOG_00633,CUST_0242,Technical Issue,5,pending,2025-12-04
LOG_00634,CUST_0956,Account Problem,2,RESOLVED,2025-09-08
LOG_00635,CUST_0546,Refund Request,2,Pending,2025-06-29
LOG_00636,CUST_0998,General Inquiry,5,open,2025-09-29
LOG_00637,CUST_0209,Account Problem,4,RESOLVED,2025-10-12
LOG_00638,CUST_0669,Refund Request,1,open,2025-11-15
LOG_00639,CUST_0718,Technical Issue,3,RESOLVED,2025-10-19
LOG_00640,CUST_0765,General Inquiry,3,closed,2025-12-22
LOG_00641,CUST_0204,Refund Request,3,Closed,2025-10-08
LOG_00642,CUST_0971,Technical Issue,,Open,2025-08-30
LOG_00643,CUST_0658,Refund Request,,Closed,2025-06-22
LOG_00644,CUST_0241,Technical Issue,2,Pending,2025-03-28
LOG_00645,CUST_0585,Account Problem,3,resolved,2025-05-07
LOG_00646,CUST_0928,Account Problem,2,Open,2025-05-09
LOG_00647,CUST_0962,General Inquiry,,pending,2025-08-15
LOG_00648,CUST_0392,Account Problem,,Pending,2025-06-13
LOG_00649,CUST_0834,Technical Issue,4,pending,2025-04-03
LOG_00650,CUST_0989,Account Problem,1,resolved,2025-08-24
LOG_00651,CUST_0279,Technical Issue,1,Pending,2025-07-19
LOG_00652,CUST_0031,Technical Issue,3,Open,2025-06-05
LOG_00653,CUST_0374,Account Problem,,Open,2025-07-15
LOG_00654,CUST_0666,Account Problem,3,RESOLVED,2025-11-24
LOG_00655,CUST_0368,Technical Issue,3,pending,2025-01-18
LOG_00656,CUST_0277,Account Problem,3,RESOLVED,2025-02-11
LOG_00657,CUST_0615,Account Problem,2,pending,2025-11-15
LOG_00658,CUST_0095,Delivery Query,4,resolved,2025-08-31
LOG_00659,CUST_8888,Delivery Query,1,Pending,2025-07-11
LOG_00660,CUST_0165,General Inquiry,,RESOLVED,2025-01-18
LOG_00661,CUST_0539,Delivery Query,1,open,2025-08-17
LOG_00662,CUST_0814,Refund Request,4,Open,2025-01-26
LOG_00663,CUST_0997,Delivery Query,5,Open,2025-04-10
LOG_00664,CUST_0977,Account Problem,1,pending,2025-12-31
LOG_00665,CUST_0089,Account Problem,1,RESOLVED,2025-10-22
LOG_00666,CUST_0913,Delivery Query,4,closed,2025-04-03
LOG_00667,CUST_0927,Account Problem,3,Open,2025-08-25
LOG_00668,CUST_0977,General Inquiry,,resolved,2025-09-24
LOG_00669,CUST_0701,Delivery Query,5,closed,2025-06-09
LOG_00670,CUST_0765,General Inquiry,2,Closed,2025-08-27
LOG_00671,CUST_0632,Refund Request,1,Open,2025-08-07
LOG_00672,CUST_0969,General Inquiry,,RESOLVED,2025-11-25
LOG_00673,CUST_0785,Technical Issue,5,RESOLVED,2025-10-04
LOG_00674,CUST_0753,Technical Issue,5,Closed,2025-01-14
LOG_00675,CUST_0668,Delivery Query,1,pending,2025-05-23
LOG_00676,CUST_0838,Refund Request,4,open,2025-10-16
LOG_00677,CUST_0330,Technical Issue,3,closed,2025-09-21
LOG_00678,CUST_0461,Technical Issue,3,closed,2025-11-30
LOG_00679,CUST_0585,Account Problem,5,Closed,2025-09-14
LOG_00680,CUST_0357,Refund Request,4,pending,2025-08-11
LOG_00681,CUST_0530,General Inquiry,1,resolved,2025-10-18
LOG_00682,CUST_0311,Account Problem,1,resolved,2025-01-11
LOG_00683,CUST_0344,General Inquiry,1,Pending,2025-10-15
LOG_00684,CUST_0832,Delivery Query,5,RESOLVED,2025-07-20
LOG_00685,CUST_0295,General Inquiry,4,Open,2025-01-02
LOG_00686,CUST_0605,Technical Issue,1,Closed,2025-03-10
LOG_00687,CUST_0239,Delivery Query,3,closed,2025-08-22
LOG_00688,CUST_0321,General Inquiry,,Pending,2025-07-22
LOG_00689,CUST_0239,General Inquiry,,Closed,2025-11-07
LOG_00690,CUST_0389,Technical Issue,1,resolved,2025-08-31
LOG_00691,CUST_0092,Refund Request,3,open,2025-07-22
LOG_00692,CUST_0453,Delivery Query,4,open,2025-10-22
LOG_00693,CUST_0663,Refund Request,2,RESOLVED,2025-03-09
LOG_00694,CUST_0456,Refund Request,2,open,2025-11-03
LOG_00695,CUST_0355,Refund Request,3,RESOLVED,2025-11-23
LOG_00696,CUST_0454,General Inquiry,3,RESOLVED,2025-07-14
LOG_00697,CUST_0837,General Inquiry,5,Closed,2025-04-08
LOG_00698,CUST_0930,Technical Issue,2,Pending,2025-09-28
LOG_00699,CUST_0327,Account Problem,5,pending,2025-04-21
LOG_00700,CUST_0751,Delivery Query,1,RESOLVED,2025-03-14
LOG_00701,CUST_0166,Delivery Query,5,Open,2025-03-08
LOG_00702,CUST_0690,Account Problem,1,RESOLVED,2025-10-21
LOG_00703,CUST_0557,Account Problem,1,Open,2025-11-16
LOG_00704,CUST_0525,Delivery Query,5,RESOLVED,2025-05-14
LOG_00705,CUST_0145,Refund Request,,closed,2025-09-16
LOG_00706,CUST_0976,Refund Request,1,closed,2025-11-22
LOG_00707,CUST_0590,Technical Issue,,RESOLVED,2025-01-04
LOG_00708,CUST_0835,Account Problem,4,Open,2025-03-15
LOG_00709,CUST_0124,Account Problem,4,Open,2025-06-03
LOG_00710,CUST_0679,General Inquiry,5,pending,2025-03-14
LOG_00711,CUST_0113,Delivery Query,3,RESOLVED,2025-08-24
LOG_00712,CUST_0712,General Inquiry,5,Closed,2025-11-14
LOG_00713,CUST_0843,Account Problem,4,resolved,2025-07-14
LOG_00714,CUST_0393,Technical Issue,3,closed,2025-10-15
LOG_00715,CUST_0684,Refund Request,3,Closed,2025-01-28
LOG_00716,CUST_0990,Refund Request,,closed,2025-12-24
LOG_00717,CUST_8888,General Inquiry,4,closed,2025-03-29
LOG_00718,CUST_0437,Account Problem,,open,2025-04-21
LOG_00719,CUST_0320,General Inquiry,2,Closed,2025-06-22
LOG_00720,CUST_0427,Delivery Query,4,closed,2025-12-15
LOG_00721,CUST_0475,Refund Request,,pending,2025-05-12
LOG_00722,CUST_0745,Refund Request,1,Open,2025-06-01
LOG_00723,CUST_0175,Account Problem,2,resolved,2025-04-19
LOG_00724,CUST_0216,Refund Request,1,resolved,2025-05-22
LOG_00725,CUST_0444,Technical Issue,,resolved,2025-10-26
LOG_00726,CUST_0495,Delivery Query,,pending,2025-12-23
LOG_00727,CUST_0985,General Inquiry,5,pending,2025-07-11
LOG_00728,CUST_0621,Technical Issue,,Closed,2025-08-26
LOG_00729,CUST_0721,General Inquiry,4,open,2025-06-09
LOG_00730,CUST_0360,General Inquiry,1,RESOLVED,2025-11-05
LOG_00731,CUST_0737,Technical Issue,4,open,2025-11-09
LOG_00732,CUST_0384,Technical Issue,,pending,2025-01-30
LOG_00733,CUST_0728,Technical Issue,,RESOLVED,2025-05-21
LOG_00734,CUST_0922,Refund Request,2,resolved,2025-12-25
LOG_00735,CUST_0652,General Inquiry,4,closed,2025-03-03
LOG_00736,CUST_0104,Delivery Query,5,pending,2025-12-31
LOG_00737,CUST_0769,Technical Issue,1,Pending,2025-06-23
LOG_00738,CUST_0418,Technical Issue,2,open,2025-09-05
LOG_00739,CUST_0885,Technical Issue,,pending,2025-06-13
LOG_00740,CUST_0730,Account Problem,,pending,2025-07-02
LOG_00741,CUST_0796,Account Problem,1,Open,2025-12-13
LOG_00742,CUST_0032,Technical Issue,2,Pending,2025-09-19
LOG_00743,CUST_0211,Delivery Query,3,Closed,2025-10-18
LOG_00744,CUST_0409,General Inquiry,4,RESOLVED,2025-11-16
LOG_00745,CUST_0642,Refund Request,1,RESOLVED,2025-06-27
LOG_00746,CUST_0724,Delivery Query,1,Pending,2025-06-03
LOG_00747,CUST_0252,Account Problem,5,pending,2025-02-23
LOG_00748,CUST_0057,Refund Request,5,Pending,2025-03-06
LOG_00749,CUST_0017,Refund Request,4,closed,2025-11-25
LOG_00750,CUST_0832,Technical Issue,3,Closed,2025-01-31
LOG_00751,CUST_0767,Refund Request,4,Pending,2025-08-02
LOG_00752,CUST_0704,Delivery Query,2,pending,2025-10-10
LOG_00753,CUST_0138,Account Problem,3,Pending,2025-02-12
LOG_00754,CUST_0003,Technical Issue,2,Pending,2025-12-28
LOG_00755,CUST_0971,Technical Issue,,Pending,2025-07-07
LOG_00756,CUST_0287,Refund Request,2,resolved,2025-04-14
LOG_00757,CUST_0126,Delivery Query,3,closed,2025-02-11
LOG_00758,CUST_0162,Refund Request,3,pending,2025-04-18
LOG_00759,CUST_0137,Refund Request,4,Pending,2025-01-09
LOG_00760,CUST_0433,Account Problem,2,Open,2025-01-11
LOG_00761,CUST_0617,Delivery Query,2,RESOLVED,2025-10-08
LOG_00762,CUST_0195,Technical Issue,4,resolved,2025-10-23
LOG_00763,CUST_0396,Delivery Query,2,Open,2025-11-30
LOG_00764,CUST_0044,Delivery Query,1,Pending,2025-07-30
LOG_00765,CUST_0989,Refund Request,4,Closed,2025-11-19
LOG_00766,CUST_0393,General Inquiry,1,closed,2025-02-15
LOG_00767,CUST_0683,Technical Issue,3,resolved,2025-08-28
LOG_00768,CUST_0047,General Inquiry,3,Open,2025-12-08
LOG_00769,CUST_0568,Delivery Query,1,Closed,2025-03-09
LOG_00770,CUST_0991,General Inquiry,2,RESOLVED,2025-10-11
LOG_00771,CUST_0868,General Inquiry,2,Open,2025-04-01
LOG_00772,CUST_0394,Delivery Query,3,Open,2025-03-04
LOG_00773,CUST_0079,General Inquiry,3,Closed,2025-02-03
LOG_00774,CUST_0016,Account Problem,,pending,2025-04-17
LOG_00775,CUST_0605,Technical Issue,4,RESOLVED,2025-01-10
LOG_00776,CUST_0525,Technical Issue,3,open,2025-04-05
LOG_00777,CUST_0943,Technical Issue,3,Pending,2025-03-06
LOG_00778,CUST_0859,Account Problem,5,closed,2025-03-26
LOG_00779,CUST_0681,Technical Issue,2,Closed,2025-08-18
LOG_00780,CUST_0536,General Inquiry,1,closed,2025-04-28
LOG_00781,CUST_0817,Refund Request,4,resolved,2025-06-23
LOG_00782,CUST_0789,General Inquiry,2,Closed,2025-04-04
LOG_00783,CUST_0329,Refund Request,,open,2025-01-07
LOG_00784,CUST_0440,Delivery Query,,resolved,2025-04-07
LOG_00785,CUST_0981,Technical Issue,3,closed,2025-07-03
LOG_00786,CUST_0112,Technical Issue,,pending,2025-05-03
LOG_00787,CUST_0826,General Inquiry,3,closed,2025-07-28
LOG_00788,CUST_0769,Account Problem,5,RESOLVED,2025-11-07
LOG_00789,CUST_0658,Refund Request,3,open,2025-06-11
LOG_00790,CUST_0508,Technical Issue,4,Pending,2025-04-08
LOG_00791,CUST_0646,Account Problem,2,closed,2025-02-15
LOG_00792,CUST_0807,Refund Request,4,pending,2025-04-28
LOG_00793,CUST_0614,Technical Issue,1,RESOLVED,2025-02-19
LOG_00794,CUST_0231,General Inquiry,3,Pending,2025-08-22
LOG_00795,CUST_8888,Delivery Query,3,RESOLVED,2025-02-06
LOG_00796,CUST_0534,Refund Request,4,Open,2025-11-26
LOG_00797,CUST_0789,General Inquiry,2,pending,2025-09-05
LOG_00798,CUST_0561,Account Problem,4,Open,2025-04-26
LOG_00799,CUST_0411,Account Problem,3,pending,2025-03-26
LOG_00800,CUST_0443,Technical Issue,5,Open,2025-08-05
LOG_00801,CUST_0223,Delivery Query,2,Closed,2025-12-27
LOG_00802,CUST_0438,Refund Request,3,Pending,2025-07-25
LOG_00803,CUST_0875,General Inquiry,3,pending,2025-02-12
LOG_00804,CUST_0448,Technical Issue,3,open,2025-02-19
LOG_00805,CUST_0995,Account Problem,5,closed,2025-09-18
LOG_00806,CUST_0762,Technical Issue,1,open,2025-11-26
LOG_00807,CUST_0970,Technical Issue,2,resolved,2025-09-23
LOG_00808,CUST_0173,Refund Request,5,pending,2025-08-18
LOG_00809,CUST_0540,General Inquiry,4,Pending,2025-04-13
LOG_00810,CUST_0937,Refund Request,1,pending,2025-11-12
LOG_00811,CUST_0235,Account Problem,4,Pending,2025-12-09
LOG_00812,CUST_0957,Refund Request,3,closed,2025-10-20
LOG_00813,CUST_0947,Delivery Query,1,Open,2025-05-20
LOG_00814,CUST_0133,Account Problem,5,open,2025-12-24
LOG_00815,CUST_0653,Refund Request,4,open,2025-03-28
LOG_00816,CUST_0638,Technical Issue,,Pending,2025-06-08
LOG_00817,CUST_0733,Refund Request,2,Open,2025-09-14
LOG_00818,CUST_0448,General Inquiry,,RESOLVED,2025-01-26
LOG_00819,CUST_0708,General Inquiry,2,RESOLVED,2025-10-12
LOG_00820,CUST_0239,Refund Request,,Closed,2025-05-11
LOG_00821,CUST_0247,Technical Issue,3,open,2025-12-08
LOG_00822,CUST_0938,Technical Issue,2,RESOLVED,2025-11-30
LOG_00823,CUST_0147,Refund Request,4,Pending,2025-01-28
LOG_00824,CUST_0265,Account Problem,4,resolved,2025-04-20
LOG_00825,CUST_0095,General Inquiry,5,Closed,2025-04-24
LOG_00826,CUST_0986,Delivery Query,5,Pending,2025-07-23
LOG_00827,CUST_0162,Account Problem,4,open,2025-09-23
LOG_00828,CUST_0579,Refund Request,1,Closed,2025-05-02
LOG_00829,CUST_0778,Refund Request,2,Pending,2025-01-22
LOG_00830,CUST_0300,General Inquiry,,Open,2025-03-13
LOG_00831,CUST_0430,General Inquiry,,closed,2025-09-23
LOG_00832,CUST_0972,Refund Request,4,RESOLVED,2025-08-10
LOG_00833,CUST_0574,General Inquiry,3,Pending,2025-01-23
LOG_00834,CUST_0108,Account Problem,4,RESOLVED,2025-05-17
LOG_00835,CUST_0573,Account Problem,5,Open,2025-07-27
LOG_00836,CUST_0251,General Inquiry,5,Open,2025-10-11
LOG_00837,CUST_0848,General Inquiry,4,Open,2025-04-29
LOG_00838,CUST_0629,Account Problem,3,closed,2025-11-10
LOG_00839,CUST_0465,General Inquiry,5,closed,2025-03-06
LOG_00840,CUST_0045,Technical Issue,4,RESOLVED,2025-11-20
LOG_00841,CUST_0898,Delivery Query,2,pending,2025-10-01
LOG_00842,CUST_0018,Technical Issue,4,RESOLVED,2025-10-09
LOG_00843,CUST_0044,General Inquiry,4,RESOLVED,2025-12-20
LOG_00844,CUST_0515,General Inquiry,3,pending,2025-06-12
LOG_00845,CUST_0453,General Inquiry,2,pending,2025-04-10
LOG_00846,CUST_0233,Technical Issue,2,Closed,2025-04-01
LOG_00847,CUST_0120,Delivery Query,2,RESOLVED,2025-01-30
LOG_00848,CUST_0381,Refund Request,5,Pending,2025-10-16
LOG_00849,CUST_0441,General Inquiry,1,Closed,2025-04-29
LOG_00850,CUST_0917,Account Problem,2,Pending,2025-11-19
LOG_00851,CUST_0711,Account Problem,,Closed,2025-11-04
LOG_00852,CUST_0266,Account Problem,,resolved,2025-02-04
LOG_00853,CUST_0910,Refund Request,3,Pending,2025-05-17
LOG_00854,CUST_0660,Refund Request,4,open,2025-11-05
LOG_00855,CUST_0166,Technical Issue,5,Closed,2025-04-11
LOG_00856,CUST_0843,Account Problem,3,closed,2025-10-07
LOG_00857,CUST_0887,Account Problem,2,resolved,2025-12-19
LOG_00858,CUST_0447,Technical Issue,2,pending,2025-08-22
LOG_00859,CUST_0407,General Inquiry,,resolved,2025-05-26
LOG_00860,CUST_0848,Refund Request,3,pending,2025-02-14
LOG_00861,CUST_0655,Account Problem,,RESOLVED,2025-11-27
LOG_00862,CUST_0816,Account Problem,2,Closed,2025-03-26
LOG_00863,CUST_0131,Account Problem,5,Open,2026-01-01
LOG_00864,CUST_0431,Technical Issue,,resolved,2025-12-15
LOG_00865,CUST_0154,Refund Request,2,Closed,2025-03-14
LOG_00866,CUST_0995,Delivery Query,4,closed,2025-01-18
LOG_00867,CUST_0633,Delivery Query,,closed,2025-06-07
LOG_00868,CUST_0552,Delivery Query,,closed,2025-09-06
LOG_00869,CUST_0547,Account Problem,1,Pending,2025-09-14
LOG_00870,CUST_0539,General Inquiry,1,Closed,2025-04-21
LOG_00871,CUST_0389,Refund Request,,RESOLVED,2025-07-11
LOG_00872,CUST_0141,Account Problem,1,open,2025-11-25
LOG_00873,CUST_0911,Account Problem,2,closed,2025-06-08
LOG_00874,CUST_0058,Technical Issue,3,Closed,2025-06-28
LOG_00875,CUST_0799,Technical Issue,,pending,2025-03-22
LOG_00876,CUST_0601,Delivery Query,5,Pending,2025-08-28
LOG_00877,CUST_0850,Refund Request,4,Pending,2025-12-26
LOG_00878,CUST_0855,Technical Issue,1,open,2025-03-29
LOG_00879,CUST_0393,Delivery Query,5,RESOLVED,2025-01-30
LOG_00880,CUST_0633,Refund Request,,resolved,2025-09-27
LOG_00881,CUST_0308,Delivery Query,2,closed,2025-01-25
LOG_00882,CUST_0199,Refund Request,5,Closed,2025-06-16
LOG_00883,CUST_0656,Technical Issue,5,resolved,2025-01-22
LOG_00884,CUST_0854,Refund Request,3,pending,2025-10-16
LOG_00885,CUST_0089,Account Problem,5,Open,2025-12-03
LOG_00886,CUST_0973,Refund Request,2,resolved,2025-05-25
LOG_00887,CUST_0045,Account Problem,5,Pending,2025-06-19
LOG_00888,CUST_0792,Technical Issue,,open,2025-06-01
LOG_00889,CUST_0473,Technical Issue,1,Closed,2025-12-16
LOG_00890,CUST_0123,Technical Issue,4,resolved,2025-01-15
LOG_00891,CUST_0440,Delivery Query,2,Open,2025-01-13
LOG_00892,CUST_0960,Delivery Query,3,Pending,2025-01-28
LOG_00893,CUST_0414,Technical Issue,4,resolved,2025-05-16
LOG_00894,CUST_0205,Delivery Query,3,closed,2026-01-01
LOG_00895,CUST_0230,Account Problem,3,Open,2025-12-07
LOG_00896,CUST_0587,General Inquiry,2,closed,2025-04-29
LOG_00897,CUST_0033,Technical Issue,1,Open,2025-10-08
LOG_00898,CUST_0986,Refund Request,5,Open,2025-05-01
LOG_00899,CUST_0881,Technical Issue,3,resolved,2025-11-02
LOG_00900,CUST_0566,Account Problem,,open,2025-05-03
LOG_00901,CUST_0402,Technical Issue,2,closed,2025-12-23
LOG_00902,CUST_0723,Delivery Query,5,Open,2025-12-03
LOG_00903,CUST_0321,Technical Issue,,resolved,2025-07-11
LOG_00904,CUST_0609,General Inquiry,5,Closed,2025-08-19
LOG_00905,CUST_0134,Technical Issue,3,pending,2025-06-16
LOG_00906,CUST_0387,Delivery Query,5,RESOLVED,2025-05-11
LOG_00907,CUST_0343,Refund Request,,open,2025-01-21
LOG_00908,CUST_0463,Delivery Query,,Pending,2025-08-16
LOG_00909,CUST_0863,Refund Request,,resolved,2025-10-15
LOG_00910,CUST_0452,Refund Request,4,closed,2025-06-08
LOG_00911,CUST_0882,Technical Issue,,Open,2025-07-04
LOG_00912,CUST_0494,Account Problem,3,closed,2025-02-22
LOG_00913,CUST_0671,Technical Issue,5,pending,2025-02-21
LOG_00914,CUST_0325,Delivery Query,1,resolved,2025-03-10
LOG_00915,CUST_0405,General Inquiry,3,RESOLVED,2025-09-30
LOG_00916,CUST_0079,Refund Request,,Pending,2025-05-17
LOG_00917,CUST_0485,Delivery Query,4,open,2025-03-11
LOG_00918,CUST_0710,Refund Request,1,Closed,2025-08-11
LOG_00919,CUST_0227,Delivery Query,5,open,2025-02-07
LOG_00920,CUST_0477,Delivery Query,4,Pending,2025-11-29
LOG_00921,CUST_0383,General Inquiry,4,closed,2025-11-13
LOG_00922,CUST_0309,Refund Request,1,Open,2025-11-29
LOG_00923,CUST_0515,Delivery Query,2,closed,2025-01-06
LOG_00924,CUST_0513,Account Problem,1,Open,2025-10-18
LOG_00925,CUST_0293,General Inquiry,3,open,2025-04-23
LOG_00926,CUST_0393,Technical Issue,,open,2025-11-19
LOG_00927,CUST_0293,Account Problem,,resolved,2025-01-26
LOG_00928,CUST_0016,Technical Issue,1,RESOLVED,2025-11-26
LOG_00929,CUST_0882,Delivery Query,5,Pending,2025-10-03
LOG_00930,CUST_0345,Refund Request,2,open,2025-09-17
LOG_00931,CUST_0590,Technical Issue,3,closed,2025-06-04
LOG_00932,CUST_0981,Delivery Query,1,Closed,2025-04-28
LOG_00933,CUST_0200,General Inquiry,,Pending,2025-12-01
LOG_00934,CUST_0670,Account Problem,1,Pending,2025-04-26
LOG_00935,CUST_0294,General Inquiry,,pending,2025-04-25
LOG_00936,CUST_0603,Technical Issue,4,pending,2025-04-20
LOG_00937,CUST_0910,Technical Issue,,Closed,2025-04-13
LOG_00938,CUST_0318,Technical Issue,3,open,2025-05-03
LOG_00939,CUST_0288,General Inquiry,3,resolved,2025-03-23
LOG_00940,CUST_0703,Account Problem,2,open,2025-07-07
LOG_00941,CUST_0104,Technical Issue,2,RESOLVED,2025-01-15
LOG_00942,CUST_0726,Delivery Query,1,Open,2025-12-16
LOG_00943,CUST_0519,Technical Issue,5,Closed,2025-08-31
LOG_00944,CUST_0546,Account Problem,,open,2025-12-03
LOG_00945,CUST_0187,Account Problem,1,closed,2025-03-15
LOG_00946,CUST_0079,General Inquiry,,RESOLVED,2025-05-26
LOG_00947,CUST_0195,Technical Issue,3,Pending,2025-04-07
LOG_00948,CUST_0507,General Inquiry,,Open,2025-06-14
LOG_00949,CUST_0801,Technical Issue,5,RESOLVED,2025-05-16
LOG_00950,CUST_0724,General Inquiry,1,resolved,2025-08-19
LOG_00951,CUST_0277,Technical Issue,2,pending,2025-08-01
LOG_00952,CUST_0749,Refund Request,1,resolved,2025-09-20
LOG_00953,CUST_0370,General Inquiry,4,open,2025-07-11
LOG_00954,CUST_0308,Delivery Query,,pending,2025-04-08
LOG_00955,CUST_0973,Technical Issue,2,Open,2025-04-29
LOG_00956,CUST_0371,Refund Request,2,resolved,2025-09-13
LOG_00957,CUST_0119,Account Problem,5,closed,2025-01-11
LOG_00958,CUST_0804,Technical Issue,,RESOLVED,2025-01-26
LOG_00959,CUST_0736,Delivery Query,4,open,2025-09-02
LOG_00960,CUST_0597,Account Problem,4,Pending,2025-04-27
LOG_00961,CUST_0295,Refund Request,5,closed,2025-06-02
LOG_00962,CUST_0935,Delivery Query,5,closed,2025-12-18
LOG_00963,CUST_0546,Account Problem,4,open,2025-09-01
LOG_00964,CUST_0403,Delivery Query,3,pending,2025-03-25
LOG_00965,CUST_0665,Delivery Query,,pending,2025-03-10
LOG_00966,CUST_0931,Refund Request,5,Closed,2025-07-29
LOG_00967,CUST_0126,Refund Request,1,RESOLVED,2025-07-31
LOG_00968,CUST_0449,Technical Issue,1,Pending,2025-11-29
LOG_00969,CUST_0918,Delivery Query,1,open,2025-05-16
LOG_00970,CUST_0366,Refund Request,3,closed,2025-04-25
LOG_00971,CUST_0907,General Inquiry,4,RESOLVED,2025-12-23
LOG_00972,CUST_0943,General Inquiry,,open,2025-05-06
LOG_00973,CUST_0103,General Inquiry,1,Pending,2025-10-29
LOG_00974,CUST_0355,Technical Issue,5,RESOLVED,2025-08-31
LOG_00975,CUST_0419,Delivery Query,2,Closed,2025-02-08
LOG_00976,CUST_0930,Account Problem,1,pending,2025-03-14
LOG_00977,CUST_0978,General Inquiry,1,resolved,2025-06-30
LOG_00978,CUST_0947,Technical Issue,4,Open,2025-01-02
LOG_00979,CUST_0603,General Inquiry,3,Pending,2025-12-07
LOG_00980,CUST_0336,Account Problem,4,RESOLVED,2025-07-18
LOG_00981,CUST_0316,Account Problem,5,Pending,2025-10-21
LOG_00982,CUST_0272,Account Problem,4,closed,2025-11-28
LOG_00983,CUST_0875,General Inquiry,4,closed,2025-11-16
LOG_00984,CUST_0472,Delivery Query,,closed,2025-07-26
LOG_00985,CUST_0928,Delivery Query,3,resolved,2025-11-30
LOG_00986,CUST_0234,Technical Issue,2,resolved,2025-02-20
LOG_00987,CUST_0650,Technical Issue,2,resolved,2025-11-25
LOG_00988,CUST_0025,General Inquiry,5,pending,2025-03-05
LOG_00989,CUST_0357,Delivery Query,1,pending,2025-08-07
LOG_00990,CUST_0351,Account Problem,2,resolved,2025-03-16
LOG_00991,CUST_0368,Delivery Query,4,pending,2025-02-12
LOG_00992,CUST_0847,Delivery Query,,Open,2025-10-15
LOG_00993,CUST_0839,Technical Issue,3,Pending,2025-01-27
LOG_00994,CUST_0448,Account Problem,2,closed,2025-10-20
LOG_00995,CUST_0543,Refund Request,1,Closed,2025-07-22
LOG_00996,CUST_0160,General Inquiry,3,Open,2025-08-18
LOG_00997,CUST_0608,Technical Issue,3,open,2025-01-29
LOG_00998,CUST_0936,Refund Request,3,open,2025-08-28
LOG_00999,CUST_0274,General Inquiry,4,Open,2025-03-14
LOG_01000,CUST_0846,General Inquiry,3,Pending,2025-02-26
LOG_01001,CUST_0160,General Inquiry,1,Pending,2025-04-29
LOG_01002,CUST_0235,Refund Request,,RESOLVED,2025-08-18
LOG_01003,CUST_0963,General Inquiry,1,resolved,2025-04-02
LOG_01004,CUST_0051,Technical Issue,4,open,2025-03-08
LOG_01005,CUST_0342,Technical Issue,3,Closed,2025-03-14
LOG_01006,CUST_0637,Refund Request,,open,2025-06-22
LOG_01007,CUST_0823,Technical Issue,1,Closed,2025-01-12
LOG_01008,CUST_0529,Refund Request,1,RESOLVED,2025-04-07
LOG_01009,CUST_0825,Delivery Query,2,Open,2025-12-22
LOG_01010,CUST_0911,General Inquiry,5,closed,2025-08-04
LOG_01011,CUST_0663,Refund Request,2,pending,2025-03-17
LOG_01012,CUST_0988,Delivery Query,4,Closed,2025-01-31
LOG_01013,CUST_0393,Refund Request,2,resolved,2025-07-27
LOG_01014,CUST_0485,Technical Issue,3,open,2025-08-20
LOG_01015,CUST_0044,General Inquiry,5,RESOLVED,2025-10-10
LOG_01016,CUST_0457,General Inquiry,,open,2025-06-05
LOG_01017,CUST_0433,Refund Request,2,pending,2025-05-10
LOG_01018,CUST_0111,General Inquiry,5,Pending,2025-09-21
LOG_01019,CUST_0053,Technical Issue,2,Pending,2025-09-05
LOG_01020,CUST_0077,Delivery Query,,Pending,2025-06-20
LOG_01021,CUST_0699,Technical Issue,3,Closed,2025-10-23
LOG_01022,CUST_0111,Technical Issue,4,Pending,2025-04-14
LOG_01023,CUST_0007,Refund Request,1,open,2025-12-08
LOG_01024,CUST_0397,Technical Issue,4,open,2025-11-22
LOG_01025,CUST_0017,Delivery Query,2,Closed,2025-01-08
LOG_01026,CUST_0793,Delivery Query,2,closed,2025-04-25
LOG_01027,CUST_0996,Account Problem,,closed,2025-06-02
LOG_01028,CUST_0191,Refund Request,4,open,2025-07-23
LOG_01029,CUST_0997,Technical Issue,,Open,2025-02-13
LOG_01030,CUST_0513,Refund Request,4,RESOLVED,2025-08-22
LOG_01031,CUST_0177,Technical Issue,2,RESOLVED,2025-10-25
LOG_01032,CUST_0316,Delivery Query,4,RESOLVED,2025-08-25
LOG_01033,CUST_0468,Delivery Query,2,resolved,2025-01-21
LOG_01034,CUST_0786,Account Problem,1,Pending,2025-03-21
LOG_01035,CUST_0556,Refund Request,4,Open,2025-05-15
LOG_01036,CUST_0373,General Inquiry,,resolved,2025-12-09
LOG_01037,CUST_0656,Refund Request,5,Closed,2025-03-09
LOG_01038,CUST_0414,Refund Request,2,RESOLVED,2025-04-25
LOG_01039,CUST_0952,Refund Request,3,resolved,2025-04-21
LOG_01040,CUST_0839,Refund Request,5,open,2025-04-10
LOG_01041,CUST_0286,Account Problem,3,Open,2025-03-05
LOG_01042,CUST_0757,Refund Request,2,Open,2025-06-20
LOG_01043,CUST_0028,Account Problem,1,pending,2025-01-21
LOG_01044,CUST_0317,General Inquiry,2,open,2025-10-01
LOG_01045,CUST_0859,Delivery Query,1,Closed,2025-09-29
LOG_01046,CUST_0837,Account Problem,3,Open,2025-03-22
LOG_01047,CUST_0216,Refund Request,5,Open,2025-04-19
LOG_01048,CUST_0226,Delivery Query,4,Pending,2025-10-11
LOG_01049,CUST_0909,Refund Request,1,RESOLVED,2025-03-08
LOG_01050,CUST_0138,Refund Request,2,Open,2025-11-17
LOG_01051,CUST_0924,Account Problem,3,open,2025-07-01
LOG_01052,CUST_0500,Delivery Query,5,Open,2025-11-04
LOG_01053,CUST_0090,General Inquiry,3,closed,2025-10-24
LOG_01054,CUST_0973,Account Problem,5,open,2025-11-15
LOG_01055,CUST_0624,Delivery Query,4,resolved,2025-03-16
LOG_01056,CUST_0072,Account Problem,5,open,2025-01-25
LOG_01057,CUST_0272,Refund Request,5,resolved,2025-04-06
LOG_01058,CUST_0902,General Inquiry,1,RESOLVED,2025-06-18
LOG_01059,CUST_0334,Account Problem,2,pending,2025-08-27
LOG_01060,CUST_0708,Technical Issue,5,Closed,2025-06-30
LOG_01061,CUST_0630,Refund Request,2,Pending,2025-10-29
LOG_01062,CUST_0460,Technical Issue,2,Closed,2025-12-26
LOG_01063,CUST_0533,Refund Request,1,pending,2025-03-30
LOG_01064,CUST_0364,Technical Issue,,RESOLVED,2025-02-15
LOG_01065,CUST_0668,Delivery Query,3,Open,2025-01-08
LOG_01066,CUST_0612,General Inquiry,1,RESOLVED,2025-07-19
LOG_01067,CUST_0192,Refund Request,2,Pending,2025-09-06
LOG_01068,CUST_0032,Technical Issue,,Open,2025-02-18
LOG_01069,CUST_0807,Refund Request,4,Closed,2025-01-30
LOG_01070,CUST_0499,Technical Issue,3,resolved,2025-05-26
LOG_01071,CUST_0042,Refund Request,,Pending,2025-10-12
LOG_01072,CUST_0870,Technical Issue,3,closed,2025-07-24
LOG_01073,CUST_0691,Delivery Query,1,Closed,2025-11-04
LOG_01074,CUST_0490,Refund Request,5,pending,2025-10-02
LOG_01075,CUST_0877,General Inquiry,4,open,2025-07-24
LOG_01076,CUST_0778,Technical Issue,2,Closed,2025-01-18
LOG_01077,CUST_0194,General Inquiry,3,closed,2025-02-13
LOG_01078,CUST_0004,Account Problem,1,RESOLVED,2025-06-05
LOG_01079,CUST_0962,Refund Request,2,Pending,2025-12-24
LOG_01080,CUST_0266,Delivery Query,4,closed,2025-02-15
LOG_01081,CUST_0795,Delivery Query,,resolved,2025-09-18
LOG_01082,CUST_0360,Technical Issue,,open,2025-11-20
LOG_01083,CUST_0842,Account Problem,3,Pending,2025-12-14
LOG_01084,CUST_0437,Technical Issue,2,open,2025-10-30
LOG_01085,CUST_0338,Account Problem,,RESOLVED,2025-05-07
LOG_01086,CUST_0627,Refund Request,1,pending,2025-12-17
LOG_01087,CUST_0592,General Inquiry,,pending,2025-10-29
LOG_01088,CUST_0307,General Inquiry,3,resolved,2025-07-07
LOG_01089,CUST_0833,Account Problem,5,Closed,2025-07-15
LOG_01090,CUST_0880,Account Problem,,open,2025-04-24
LOG_01091,CUST_0145,Technical Issue,5,resolved,2025-04-05
LOG_01092,CUST_0803,Technical Issue,,Pending,2025-05-19
LOG_01093,CUST_0098,Delivery Query,1,open,2025-03-17
LOG_01094,CUST_0592,Technical Issue,4,Open,2025-07-12
LOG_01095,CUST_0145,General Inquiry,,pending,2025-06-02
LOG_01096,CUST_0056,General Inquiry,,Pending,2025-07-21
LOG_01097,CUST_0021,Delivery Query,2,RESOLVED,2025-04-22
LOG_01098,CUST_0985,Account Problem,3,Pending,2025-07-12
LOG_01099,CUST_0460,General Inquiry,4,Closed,2025-06-06
LOG_01100,CUST_0361,Delivery Query,,open,2025-12-21
LOG_01101,CUST_0882,General Inquiry,1,Closed,2025-09-16
LOG_01102,CUST_0217,Technical Issue,5,Pending,2025-08-18
LOG_01103,CUST_0587,Account Problem,,open,2025-12-21
LOG_01104,CUST_0834,Account Problem,,Pending,2025-06-27
LOG_01105,CUST_0185,Refund Request,1,pending,2025-08-30
LOG_01106,CUST_0385,Technical Issue,5,pending,2025-09-15
LOG_01107,CUST_0147,Refund Request,2,open,2025-08-24
LOG_01108,CUST_0793,Delivery Query,5,closed,2025-11-19
LOG_01109,CUST_0859,Delivery Query,,Closed,2025-01-14
LOG_01110,CUST_0228,Delivery Query,5,resolved,2025-09-05
LOG_01111,CUST_0614,General Inquiry,1,RESOLVED,2025-08-04
LOG_01112,CUST_0769,Technical Issue,2,closed,2025-04-09
LOG_01113,CUST_0882,Refund Request,2,RESOLVED,2025-04-17
LOG_01114,CUST_0678,General Inquiry,2,Open,2025-05-31
LOG_01115,CUST_0749,Refund Request,,resolved,2025-06-09
LOG_01116,CUST_0852,Technical Issue,3,Open,2025-03-12
LOG_01117,CUST_0099,Delivery Query,1,open,2025-06-11
LOG_01118,CUST_0045,General Inquiry,4,resolved,2025-07-11
LOG_01119,CUST_0091,Account Problem,2,open,2025-04-19
LOG_01120,CUST_0175,Delivery Query,5,closed,2025-03-25
LOG_01121,CUST_0768,General Inquiry,,RESOLVED,2025-02-24
LOG_01122,CUST_0800,General Inquiry,1,Closed,2025-10-03
LOG_01123,CUST_0373,Account Problem,1,open,2025-11-11
LOG_01124,CUST_0807,Delivery Query,5,RESOLVED,2026-01-01
LOG_01125,CUST_0227,Delivery Query,5,closed,2025-07-16
LOG_01126,CUST_0142,Delivery Query,2,closed,2025-07-13
LOG_01127,CUST_0626,Delivery Query,3,Pending,2025-12-25
LOG_01128,CUST_0108,Technical Issue,2,pending,2025-08-27
LOG_01129,CUST_0550,Delivery Query,4,RESOLVED,2025-02-25
LOG_01130,CUST_0718,General Inquiry,1,pending,2025-01-02
LOG_01131,CUST_0785,Delivery Query,3,Pending,2025-09-19
LOG_01132,CUST_0877,General Inquiry,,RESOLVED,2025-08-30
LOG_01133,CUST_0323,Account Problem,1,open,2025-11-18
LOG_01134,CUST_0035,General Inquiry,5,resolved,2025-03-18
LOG_01135,CUST_0995,Technical Issue,4,closed,2025-01-07
LOG_01136,CUST_0876,Account Problem,5,open,2025-07-22
LOG_01137,CUST_0313,Refund Request,3,pending,2025-06-10
LOG_01138,CUST_0546,Technical Issue,4,open,2025-06-05
LOG_01139,CUST_0047,General Inquiry,3,RESOLVED,2025-06-05
LOG_01140,CUST_0725,Delivery Query,4,closed,2025-10-11
LOG_01141,CUST_0702,General Inquiry,5,Pending,2025-11-26
LOG_01142,CUST_0165,Delivery Query,1,closed,2025-11-29
LOG_01143,CUST_0465,Technical Issue,4,closed,2025-11-01
LOG_01144,CUST_0808,Account Problem,5,Pending,2025-04-16
LOG_01145,CUST_0924,General Inquiry,4,Open,2025-10-26
LOG_01146,CUST_0606,General Inquiry,,RESOLVED,2025-12-12
LOG_01147,CUST_0730,Technical Issue,5,pending,2025-02-25
LOG_01148,CUST_0904,Delivery Query,,Pending,2025-06-11
LOG_01149,CUST_0447,Delivery Query,1,pending,2025-01-26
LOG_01150,CUST_0072,Account Problem,,pending,2025-04-04
LOG_01151,CUST_0851,Account Problem,4,Closed,2025-08-21
LOG_01152,CUST_0490,Technical Issue,,Closed,2025-07-14
LOG_01153,CUST_0817,Technical Issue,,pending,2025-09-22
LOG_01154,CUST_0397,General Inquiry,1,Closed,2025-01-24
LOG_01155,CUST_0969,Account Problem,4,Closed,2025-08-05
LOG_01156,CUST_0759,General Inquiry,3,Pending,2025-01-08
LOG_01157,CUST_0433,Account Problem,3,Open,2025-05-30
LOG_01158,CUST_0783,Delivery Query,4,RESOLVED,2025-06-29
LOG_01159,CUST_0884,General Inquiry,2,Open,2025-04-13
LOG_01160,CUST_0534,Delivery Query,5,pending,2025-10-01
LOG_01161,CUST_0688,Account Problem,,Closed,2025-03-06
LOG_01162,CUST_0108,Refund Request,3,Pending,2025-11-28
LOG_01163,CUST_0237,Delivery Query,1,RESOLVED,2025-09-17
LOG_01164,CUST_0006,Technical Issue,2,resolved,2025-07-13
LOG_01165,CUST_0957,Technical Issue,,Pending,2025-01-15
LOG_01166,CUST_0879,General Inquiry,4,resolved,2025-12-05
LOG_01167,CUST_0248,General Inquiry,2,RESOLVED,2025-02-11
LOG_01168,CUST_0991,Refund Request,,resolved,2025-05-16
LOG_01169,CUST_0703,Account Problem,4,Open,2025-11-06
LOG_01170,CUST_0005,Refund Request,4,Open,2025-10-07
LOG_01171,CUST_0209,Technical Issue,4,Closed,2025-03-27
LOG_01172,CUST_0314,Refund Request,1,resolved,2025-03-13
LOG_01173,CUST_0043,Delivery Query,,pending,2025-05-01
LOG_01174,CUST_0533,General Inquiry,3,RESOLVED,2025-12-22
LOG_01175,CUST_0013,Account Problem,,Pending,2025-06-04
LOG_01176,CUST_0960,Account Problem,3,closed,2025-06-09
LOG_01177,CUST_0232,General Inquiry,4,pending,2025-07-17
LOG_01178,CUST_0816,Technical Issue,,Closed,2025-05-01
LOG_01179,CUST_0370,Account Problem,1,Pending,2025-07-16
LOG_01180,CUST_0398,Technical Issue,4,Open,2025-09-15
LOG_01181,CUST_0942,Technical Issue,4,resolved,2025-12-22
LOG_01182,CUST_0156,Refund Request,5,closed,2025-12-14
LOG_01183,CUST_0038,Delivery Query,5,RESOLVED,2025-07-22
LOG_01184,CUST_0963,Technical Issue,1,closed,2025-01-06
LOG_01185,CUST_0068,Refund Request,3,resolved,2025-06-29
LOG_01186,CUST_0466,Refund Request,,Pending,2025-07-21
LOG_01187,CUST_0842,General Inquiry,2,open,2025-02-25
LOG_01188,CUST_0798,Delivery Query,2,open,2025-03-05
LOG_01189,CUST_0725,Account Problem,2,Closed,2025-04-03
LOG_01190,CUST_0365,Delivery Query,3,resolved,2025-07-24
LOG_01191,CUST_0176,Delivery Query,2,Closed,2025-03-10
LOG_01192,CUST_0718,General Inquiry,3,pending,2025-02-03
LOG_01193,CUST_0345,Delivery Query,3,RESOLVED,2025-05-31
LOG_01194,CUST_0153,Refund Request,2,open,2025-06-29
LOG_01195,CUST_0125,Delivery Query,,Closed,2025-01-29
LOG_01196,CUST_0079,Account Problem,4,resolved,2025-09-27
LOG_01197,CUST_0228,Technical Issue,5,open,2025-08-15
LOG_01198,CUST_0307,Delivery Query,,resolved,2025-12-20
LOG_01199,CUST_0951,Refund Request,4,Open,2025-10-19
LOG_01200,CUST_0383,Delivery Query,4,Closed,2025-09-03
